-- phpMyAdmin SQL Dump
-- version 5.0.2
-- https://www.phpmyadmin.net/
--
-- Host: localhost
-- Generation Time: Jun 05, 2020 at 05:42 AM
-- Server version: 10.4.11-MariaDB
-- PHP Version: 7.4.4

SET SQL_MODE = "NO_AUTO_VALUE_ON_ZERO";
START TRANSACTION;
SET time_zone = "+00:00";


/*!40101 SET @OLD_CHARACTER_SET_CLIENT=@@CHARACTER_SET_CLIENT */;
/*!40101 SET @OLD_CHARACTER_SET_RESULTS=@@CHARACTER_SET_RESULTS */;
/*!40101 SET @OLD_COLLATION_CONNECTION=@@COLLATION_CONNECTION */;
/*!40101 SET NAMES utf8mb4 */;

--
-- Database: `final_projek_pbo`
--

-- --------------------------------------------------------

--
-- Table structure for table `Customer`
--

CREATE TABLE `Customer` (
  `idCustomer` int(11) NOT NULL,
  `Nama` varchar(255) NOT NULL,
  `NoHandphone` varchar(20) NOT NULL,
  `NoKtp` varchar(20) DEFAULT NULL,
  `Email` varchar(255) NOT NULL,
  `Password` varchar(100) NOT NULL,
  `CustObject` longblob NOT NULL
) ENGINE=InnoDB DEFAULT CHARSET=utf8mb4;

--
-- Dumping data for table `Customer`
--

INSERT INTO `Customer` (`idCustomer`, `Nama`, `NoHandphone`, `NoKtp`, `Email`, `Password`, `CustObject`) VALUES
(1, 'Johan', '08987654321', '1234567890123456', 'johan@johan.com', 'inijohan', 0xaced00057372000f637573746f6d65725072656d69756d00000000000000010200014c00036b74707400164c6a6176612f6d6174682f426967496e74656765723b78720008637573746f6d657200000000000000010200054c0005456d61696c7400124c6a6176612f6c616e672f537472696e673b4c00044e616d6171007e00034c000e4e6f6d6f7248616e6470686f6e6571007e00034c000850617373776f726471007e00034c000273637400134c6a6176612f7574696c2f5363616e6e65723b787074000f6a6f68616e406a6f68616e2e636f6d7400054a6f68616e74000b3038393837363534333231740008696e696a6f68616e70737200146a6176612e6d6174682e426967496e74656765728cfc9f1fa93bfb1d030006490008626974436f756e744900096269744c656e67746849001366697273744e6f6e7a65726f427974654e756d49000c6c6f776573745365744269744900067369676e756d5b00096d61676e69747564657400025b42787200106a6176612e6c616e672e4e756d62657286ac951d0b94e08b0200007870fffffffffffffffffffffffefffffffe00000001757200025b42acf317f8060854e00200007870000000070462d53c8abac078),
(2, 'jason', '08123456789', '987654321098765', 'jason@jason.com', 'inijason', 0xaced00057372000f637573746f6d65725072656d69756d00000000000000010200014c00036b74707400164c6a6176612f6d6174682f426967496e74656765723b78720008637573746f6d657200000000000000010200054c0005456d61696c7400124c6a6176612f6c616e672f537472696e673b4c00044e616d6171007e00034c000e4e6f6d6f7248616e6470686f6e6571007e00034c000850617373776f726471007e00034c000273637400134c6a6176612f7574696c2f5363616e6e65723b787074000f6a61736f6e406a61736f6e2e636f6d7400056a61736f6e74000b3038313233343536373839740008696e696a61736f6e70737200146a6176612e6d6174682e426967496e74656765728cfc9f1fa93bfb1d030006490008626974436f756e744900096269744c656e67746849001366697273744e6f6e7a65726f427974654e756d49000c6c6f776573745365744269744900067369676e756d5b00096d61676e69747564657400025b42787200106a6176612e6c616e672e4e756d62657286ac951d0b94e08b0200007870fffffffffffffffffffffffefffffffe00000001757200025b42acf317f8060854e002000078700000000703824430f8500d78),
(3, 'Budi Mifasol', '089762541234', NULL, 'budi@mifasol.com', 'budimifasol123', 0xaced00057372000d637573746f6d65724269617361000000000000000102000078720008637573746f6d657200000000000000010200054c0005456d61696c7400124c6a6176612f6c616e672f537472696e673b4c00044e616d6171007e00024c000e4e6f6d6f7248616e6470686f6e6571007e00024c000850617373776f726471007e00024c000273637400134c6a6176612f7574696c2f5363616e6e65723b787074001062756469406d696661736f6c2e636f6d74000c42756469204d696661736f6c74000c30383937363235343132333474000e627564696d696661736f6c31323370),
(4, 'Ani@ani.com', '087766532212', NULL, 'ani@ani.com', 'inianibukan', 0xaced00057372000d637573746f6d65724269617361000000000000000102000078720008637573746f6d657200000000000000010200054c0005456d61696c7400124c6a6176612f6c616e672f537472696e673b4c00044e616d6171007e00024c000e4e6f6d6f7248616e6470686f6e6571007e00024c000850617373776f726471007e00024c000273637400134c6a6176612f7574696c2f5363616e6e65723b787074000b616e6940616e692e636f6d74000b416e6940616e692e636f6d74000c30383737363635333232313274000b696e69616e6962756b616e70);

-- --------------------------------------------------------

--
-- Table structure for table `Film`
--

CREATE TABLE `Film` (
  `idFilm` int(11) NOT NULL,
  `Judul` varchar(100) NOT NULL,
  `Durasi` varchar(100) NOT NULL,
  `Sinopsis` text NOT NULL,
  `Harga` double NOT NULL,
  `FilmObject` longblob NOT NULL
) ENGINE=InnoDB DEFAULT CHARSET=utf8mb4;

--
-- Dumping data for table `Film`
--

INSERT INTO `Film` (`idFilm`, `Judul`, `Durasi`, `Sinopsis`, `Harga`, `FilmObject`) VALUES
(1, 'Nanti Kita Cerita Tentang Hari Ini', '2 Jam 1 Menit', 'Setiap keluarga punya rahasia. Angkasa, Aurora dan Awan adalah kakak beradik yang hidup dalam keluarga yang tampak bahagia. Setelah mengalami kegagalan besar pertamanya, Awan berkenalan dengan Kale, seorang cowok eksentrik yang memberikan Awan pengalaman hidup baru, tentang patah, bangun, jatuh, tumbuh, hilang dan semua ketakutan manusia pada umumnya.', 30000, 0xaced00057372000446696c6d000000000000000102000744000548617267614c00064475726173697400124c6a6176612f6c616e672f537472696e673b4c000547656e726571007e00014c00064a616477616c71007e00014c00054a7564756c71007e00014c000750656d6572616e71007e00014c000853696e6f7073697371007e0001787040dd4c000000000074000d32204a616d2031204d656e697470707400224e616e7469204b697461204365726974612054656e74616e67204861726920496e6970740161536574696170206b656c75617267612070756e796120726168617369612e20416e676b6173612c204175726f72612064616e204177616e206164616c6168206b616b616b206265726164696b2079616e672068696475702064616c616d206b656c75617267612079616e672074616d70616b20626168616769612e20536574656c6168206d656e67616c616d69206b65676167616c616e2062657361722070657274616d616e79612c204177616e206265726b656e616c616e2064656e67616e204b616c652c2073656f72616e6720636f776f6b20656b73656e7472696b2079616e67206d656d626572696b616e204177616e2070656e67616c616d616e20686964757020626172752c2074656e74616e672070617461682c2062616e67756e2c206a617475682c2074756d6275682c2068696c616e672064616e2073656d7561206b6574616b7574616e206d616e75736961207061646120756d756d6e79612e),
(2, 'Onward', '1 Jam 42 Menit	', 'Teenage elf brothers Ian and Barley embark on a magical quest to spend one more day with their late father. Like any good adventure, their journey is filled with cryptic maps, impossible obstacles and unimaginable discoveries. But when dear Mom finds out her sons are missing, she teams up with the legendary manticore to bring her beloved boys back home.', 35000, 0xaced00057372000446696c6d000000000000000102000744000548617267614c00064475726173697400124c6a6176612f6c616e672f537472696e673b4c000547656e726571007e00014c00064a616477616c71007e00014c00054a7564756c71007e00014c000750656d6572616e71007e00014c000853696e6f7073697371007e0001787040e117000000000074000f31204a616d203432204d656e69740970707400064f6e77617264707401635465656e61676520656c662062726f74686572732049616e20616e64204261726c657920656d6261726b206f6e2061206d61676963616c20717565737420746f207370656e64206f6e65206d6f7265206461792077697468207468656972206c617465206661746865722e204c696b6520616e7920676f6f6420616476656e747572652c207468656972206a6f75726e65792069732066696c6c656420776974682063727970746963206d6170732c20696d706f737369626c65206f62737461636c657320616e6420756e696d6167696e61626c6520646973636f7665726965732e20427574207768656e2064656172204d6f6d2066696e6473206f75742068657220736f6e7320617265206d697373696e672c20736865207465616d73207570207769746820746865206c6567656e64617279206d616e7469636f726520746f206272696e67206865722062656c6f76656420626f7973206261636b20686f6d652e),
(3, 'Cek Toko Sebelah', '1 Jam 44 Menit', 'Cek Toko Sebelah adalah film komedi Indonesia produksi Starvision Plus yang dirilis pada 28 Desember 2016 dan disutradari oleh Ernest Prakasa. Ide cerita film ini dibuat berdasarkan pada realitas etnis Tionghoa saat anak beranjak dewasa, kuliah yang tinggi, mirisnya ujung-ujungnya bekerja di toko orang tuanya sendiri.', 30000, 0xaced00057372000446696c6d000000000000000102000744000548617267614c00064475726173697400124c6a6176612f6c616e672f537472696e673b4c000547656e726571007e00014c00064a616477616c71007e00014c00054a7564756c71007e00014c000750656d6572616e71007e00014c000853696e6f7073697371007e0001787040dd4c000000000074000e31204a616d203434204d656e6974707074001043656b20546f6b6f20536562656c61687074013f43656b20546f6b6f20536562656c6168206164616c61682066696c6d206b6f6d65646920496e646f6e657369612070726f64756b73692053746172766973696f6e20506c75732079616e6720646972696c6973207061646120323820446573656d62657220323031362064616e206469737574726164617269206f6c65682045726e657374205072616b6173612e20496465206365726974612066696c6d20696e69206469627561742062657264617361726b616e2070616461207265616c697461732065746e69732054696f6e67686f61207361617420616e616b20626572616e6a616b206465776173612c206b756c6961682079616e672074696e6767692c206d697269736e796120756a756e672d756a756e676e79612062656b65726a6120646920746f6b6f206f72616e67207475616e79612073656e646972692e),
(4, 'Bumi Manusia', '3 Jam 1 Menit', 'Ini adalah kisah dua anak manusia yang meramu cinta di atas pentas pergelutan tanah kolonial awal abad 20. Inilah kisah Minke dan Annelies. Cinta yang hadir di hati Minke untuk Annelies, membuatnya mengalami pergulatan batin tak berkesudahan. Dia, pemuda pribumi, Jawa totok. Sementara Annelies, gadis Indo Belanda anak seorang Nyai. Bapak Minke yang baru saja diangkat jadi Bupati, tak pernah setuju Minke dekat dengankeluarga Nyai, sebab posisi Nyai di masa itu dianggap sama rendah dengan binatang peliharaan.', 35000, 0xaced00057372000446696c6d000000000000000102000744000548617267614c00064475726173697400124c6a6176612f6c616e672f537472696e673b4c000547656e726571007e00014c00064a616477616c71007e00014c00054a7564756c71007e00014c000750656d6572616e71007e00014c000853696e6f7073697371007e0001787040e117000000000074000d33204a616d2031204d656e6974707074000c42756d69204d616e7573696170740200496e69206164616c6168206b697361682064756120616e616b206d616e757369612079616e67206d6572616d752063696e746120646920617461732070656e7461732070657267656c7574616e2074616e6168206b6f6c6f6e69616c206177616c20616261642032302e20496e696c6168206b69736168204d696e6b652064616e20416e6e656c6965732e2043696e74612079616e672068616469722064692068617469204d696e6b6520756e74756b20416e6e656c6965732c206d656d627561746e7961206d656e67616c616d692070657267756c6174616e20626174696e2074616b206265726b657375646168616e2e204469612c2070656d7564612070726962756d692c204a61776120746f746f6b2e2053656d656e7461726120416e6e656c6965732c20676164697320496e646f2042656c616e646120616e616b2073656f72616e67204e7961692e20426170616b204d696e6b652079616e6720626172752073616a61206469616e676b6174206a616469204275706174692c2074616b207065726e616820736574756a75204d696e6b652064656b61742064656e67616e6b656c7561726761204e7961692c20736562616220706f73697369204e796169206469206d61736120697475206469616e676761702073616d612072656e6461682064656e67616e2062696e6174616e672070656c6968617261616e2e),
(5, 'Sonic The Hedgehog', '1 Jam 40 Menit', 'The world needed a hero -- it got a hedgehog. Powered with incredible speed, Sonic embraces his new home on Earth -- until he accidentally knocks out the power grid, sparking the attention of uncool evil genius Dr. Robotnik. Now, it\'s supervillain vs. supersonic in an all-out race across the globe to stop Robotnik from using Sonic\'s unique power to achieve world domination.', 35000, 0xaced00057372000446696c6d000000000000000102000744000548617267614c00064475726173697400124c6a6176612f6c616e672f537472696e673b4c000547656e726571007e00014c00064a616477616c71007e00014c00054a7564756c71007e00014c000750656d6572616e71007e00014c000853696e6f7073697371007e0001787040e117000000000074000e31204a616d203430204d656e69747070740012536f6e696320546865204865646765686f677074017854686520776f726c64206e65656465642061206865726f202d2d20697420676f742061206865646765686f672e20506f7765726564207769746820696e6372656469626c652073706565642c20536f6e696320656d62726163657320686973206e657720686f6d65206f6e204561727468202d2d20756e74696c206865206163636964656e74616c6c79206b6e6f636b73206f75742074686520706f77657220677269642c20737061726b696e672074686520617474656e74696f6e206f6620756e636f6f6c206576696c2067656e6975732044722e20526f626f746e696b2e204e6f772c206974277320737570657276696c6c61696e2076732e207375706572736f6e696320696e20616e20616c6c2d6f75742072616365206163726f73732074686520676c6f626520746f2073746f7020526f626f746e696b2066726f6d207573696e6720536f6e6963277320756e6971756520706f77657220746f206163686965766520776f726c6420646f6d696e6174696f6e2e);

-- --------------------------------------------------------

--
-- Table structure for table `genre`
--

CREATE TABLE `genre` (
  `idGenre` int(11) NOT NULL,
  `idFilm` int(11) NOT NULL,
  `genre` varchar(100) NOT NULL
) ENGINE=InnoDB DEFAULT CHARSET=utf8mb4;

--
-- Dumping data for table `genre`
--

INSERT INTO `genre` (`idGenre`, `idFilm`, `genre`) VALUES
(1, 1, 'Family'),
(2, 1, 'Drama'),
(3, 2, 'Family'),
(4, 2, 'Comedy'),
(5, 3, 'Drama'),
(6, 3, 'Komedi'),
(7, 4, 'Drama'),
(8, 4, 'Sejarah'),
(9, 5, 'Action'),
(10, 5, 'Comedy'),
(11, 5, 'Family');

-- --------------------------------------------------------

--
-- Table structure for table `jadwal`
--

CREATE TABLE `jadwal` (
  `idJadwal` int(11) NOT NULL,
  `idFilm` int(11) NOT NULL,
  `Jam` time NOT NULL,
  `Tanggal` date NOT NULL,
  `Studio` int(11) NOT NULL
) ENGINE=InnoDB DEFAULT CHARSET=utf8mb4;

--
-- Dumping data for table `jadwal`
--

INSERT INTO `jadwal` (`idJadwal`, `idFilm`, `Jam`, `Tanggal`, `Studio`) VALUES
(1, 1, '10:00:00', '2020-05-25', 1),
(2, 1, '12:10:00', '2020-05-25', 1),
(3, 1, '15:10:00', '2020-05-25', 1),
(4, 1, '18:05:00', '2020-05-25', 1),
(5, 1, '10:00:00', '2020-05-26', 1),
(6, 1, '12:10:00', '2020-05-26', 1),
(7, 1, '15:10:00', '2020-05-26', 1),
(8, 1, '18:05:00', '2020-05-26', 1),
(9, 2, '10:20:00', '2020-05-25', 2),
(10, 2, '12:15:00', '2020-05-25', 2),
(11, 2, '14:20:00', '2020-05-25', 2),
(12, 2, '16:30:00', '2020-05-25', 2),
(13, 2, '10:20:00', '2020-05-26', 2),
(14, 2, '12:15:00', '2020-05-26', 2),
(15, 2, '14:20:00', '2020-05-26', 2),
(16, 2, '16:30:00', '2020-05-26', 2),
(17, 3, '10:10:00', '2020-05-25', 3),
(18, 3, '12:05:00', '2020-05-25', 3),
(19, 3, '14:15:00', '2020-05-25', 3),
(20, 3, '16:10:00', '2020-05-25', 3),
(21, 3, '10:10:00', '2020-05-26', 3),
(22, 3, '12:05:00', '2020-05-26', 3),
(23, 3, '14:15:00', '2020-05-26', 3),
(24, 3, '16:10:00', '2020-05-26', 3),
(25, 4, '10:05:00', '2020-05-25', 4),
(26, 4, '13:20:00', '2020-05-25', 4),
(27, 4, '16:40:00', '2020-05-25', 4),
(28, 4, '20:10:00', '2020-05-25', 4),
(29, 4, '10:05:00', '2020-05-26', 4),
(30, 4, '13:20:00', '2020-05-26', 4),
(31, 4, '16:40:00', '2020-05-26', 4),
(32, 4, '20:10:00', '2020-05-26', 4),
(33, 5, '10:15:00', '2020-05-25', 5),
(34, 5, '12:10:00', '2020-05-25', 5),
(35, 5, '14:05:00', '2020-05-25', 5),
(36, 5, '16:20:00', '2020-05-25', 5),
(37, 5, '10:15:00', '2020-05-26', 5),
(38, 5, '12:10:00', '2020-05-26', 5),
(39, 5, '14:05:00', '2020-05-26', 5),
(40, 5, '16:20:00', '2020-05-26', 5);

-- --------------------------------------------------------

--
-- Table structure for table `kursi`
--

CREATE TABLE `kursi` (
  `idKursi` int(11) NOT NULL,
  `kodeTransaksi` int(11) NOT NULL,
  `nomorKursi` varchar(4) NOT NULL
) ENGINE=InnoDB DEFAULT CHARSET=utf8mb4;

--
-- Dumping data for table `kursi`
--

INSERT INTO `kursi` (`idKursi`, `kodeTransaksi`, `nomorKursi`) VALUES
(8, 10005, 'A1'),
(9, 10005, 'A2');

-- --------------------------------------------------------

--
-- Table structure for table `pemeran`
--

CREATE TABLE `pemeran` (
  `idPemeran` int(11) NOT NULL,
  `idFilm` int(11) NOT NULL,
  `namaPemeran` varchar(100) NOT NULL
) ENGINE=InnoDB DEFAULT CHARSET=utf8mb4;

--
-- Dumping data for table `pemeran`
--

INSERT INTO `pemeran` (`idPemeran`, `idFilm`, `namaPemeran`) VALUES
(1, 1, 'Ardhito Pramono'),
(2, 1, 'Sheila Dara Aisha'),
(3, 1, 'Rachel Amanda'),
(4, 1, 'Rio Dewanto'),
(5, 2, 'Tom Holland'),
(6, 2, 'Chris Pratt'),
(7, 3, 'Ernest Prakasa'),
(8, 3, 'Dodit Mulyanto'),
(9, 3, 'Gisella Anastasia'),
(10, 4, 'Mawar Eva de Jongh'),
(11, 4, 'Iqbaal Ramadhan'),
(12, 4, 'Bryan Domani'),
(13, 5, 'Jim Carrey'),
(14, 5, 'James Marsden'),
(15, 5, 'Neal McDonough');

-- --------------------------------------------------------

--
-- Table structure for table `Transaksi`
--

CREATE TABLE `Transaksi` (
  `kodeTransaksi` int(11) NOT NULL,
  `idCustomer` int(11) NOT NULL,
  `idFilm` int(11) NOT NULL,
  `tanggal` varchar(100) NOT NULL,
  `jam` varchar(10) NOT NULL,
  `studio` int(11) NOT NULL,
  `jumlahTiket` int(11) NOT NULL,
  `totalBayar` double NOT NULL,
  `WaktuTransaksi` varchar(100) NOT NULL,
  `TransObjek` longblob NOT NULL
) ENGINE=InnoDB DEFAULT CHARSET=utf8mb4;

--
-- Dumping data for table `Transaksi`
--

INSERT INTO `Transaksi` (`kodeTransaksi`, `idCustomer`, `idFilm`, `tanggal`, `jam`, `studio`, `jumlahTiket`, `totalBayar`, `WaktuTransaksi`, `TransObjek`) VALUES
(10005, 4, 3, '26 May 2020', '12:05:00', 3, 2, 60000, '05/06/20 01:34:21', 0xaced0005737200095472616e73616b7369000000000000000102000849000b4a756d6c616854696b657449000653747564696f44000a546f74616c42617961724c0008437573746f6d657274000a4c637573746f6d65723b4c000b46696c6d446970696c69687400064c46696c6d3b4c000754616e6767616c7400124c6a6176612f6c616e672f537472696e673b4c00036a616d71007e00034c001074616e6767616c5472616e73616b736971007e00037870000000020000000340ed4c00000000007372000d637573746f6d65724269617361000000000000000102000078720008637573746f6d657200000000000000010200054c0005456d61696c71007e00034c00044e616d6171007e00034c000e4e6f6d6f7248616e6470686f6e6571007e00034c000850617373776f726471007e00034c000273637400134c6a6176612f7574696c2f5363616e6e65723b787074000b616e6940616e692e636f6d74000b416e6940616e692e636f6d74000c30383737363635333232313274000b696e69616e6962756b616e707372000446696c6d000000000000000102000844000548617267614c000644757261736971007e00034c000547656e726571007e00034c00064a616477616c71007e00034c00054a7564756c71007e00034c000750656d6572616e71007e00034c000853696e6f7073697371007e00034c0002736371007e0007787040dd4c000000000074000e31204a616d203434204d656e6974707074001043656b20546f6b6f20536562656c61687074013f43656b20546f6b6f20536562656c6168206164616c61682066696c6d206b6f6d65646920496e646f6e657369612070726f64756b73692053746172766973696f6e20506c75732079616e6720646972696c6973207061646120323820446573656d62657220323031362064616e206469737574726164617269206f6c65682045726e657374205072616b6173612e20496465206365726974612066696c6d20696e69206469627561742062657264617361726b616e2070616461207265616c697461732065746e69732054696f6e67686f61207361617420616e616b20626572616e6a616b206465776173612c206b756c6961682079616e672074696e6767692c206d697269736e796120756a756e672d756a756e676e79612062656b65726a6120646920746f6b6f206f72616e67207475616e79612073656e646972692e7074000b3236204d6179203230323074000831323a30353a303074001130352f30362f32302030313a33343a3231);

--
-- Indexes for dumped tables
--

--
-- Indexes for table `Customer`
--
ALTER TABLE `Customer`
  ADD PRIMARY KEY (`idCustomer`);

--
-- Indexes for table `Film`
--
ALTER TABLE `Film`
  ADD PRIMARY KEY (`idFilm`);

--
-- Indexes for table `genre`
--
ALTER TABLE `genre`
  ADD PRIMARY KEY (`idGenre`),
  ADD KEY `fk_foreign_key_genre` (`idFilm`);

--
-- Indexes for table `jadwal`
--
ALTER TABLE `jadwal`
  ADD PRIMARY KEY (`idJadwal`),
  ADD KEY `fk_foreign_key_jadwal` (`idFilm`);

--
-- Indexes for table `kursi`
--
ALTER TABLE `kursi`
  ADD PRIMARY KEY (`idKursi`),
  ADD KEY `fk_kursi` (`kodeTransaksi`);

--
-- Indexes for table `pemeran`
--
ALTER TABLE `pemeran`
  ADD PRIMARY KEY (`idPemeran`),
  ADD KEY `fk_foreign_key_pemeran` (`idFilm`);

--
-- Indexes for table `Transaksi`
--
ALTER TABLE `Transaksi`
  ADD PRIMARY KEY (`kodeTransaksi`),
  ADD KEY `fk_film` (`idFilm`),
  ADD KEY `fk_customer` (`idCustomer`);

--
-- AUTO_INCREMENT for dumped tables
--

--
-- AUTO_INCREMENT for table `Customer`
--
ALTER TABLE `Customer`
  MODIFY `idCustomer` int(11) NOT NULL AUTO_INCREMENT, AUTO_INCREMENT=5;

--
-- AUTO_INCREMENT for table `Film`
--
ALTER TABLE `Film`
  MODIFY `idFilm` int(11) NOT NULL AUTO_INCREMENT, AUTO_INCREMENT=6;

--
-- AUTO_INCREMENT for table `genre`
--
ALTER TABLE `genre`
  MODIFY `idGenre` int(11) NOT NULL AUTO_INCREMENT, AUTO_INCREMENT=12;

--
-- AUTO_INCREMENT for table `jadwal`
--
ALTER TABLE `jadwal`
  MODIFY `idJadwal` int(11) NOT NULL AUTO_INCREMENT, AUTO_INCREMENT=41;

--
-- AUTO_INCREMENT for table `kursi`
--
ALTER TABLE `kursi`
  MODIFY `idKursi` int(11) NOT NULL AUTO_INCREMENT, AUTO_INCREMENT=10;

--
-- AUTO_INCREMENT for table `pemeran`
--
ALTER TABLE `pemeran`
  MODIFY `idPemeran` int(11) NOT NULL AUTO_INCREMENT, AUTO_INCREMENT=16;

--
-- AUTO_INCREMENT for table `Transaksi`
--
ALTER TABLE `Transaksi`
  MODIFY `kodeTransaksi` int(11) NOT NULL AUTO_INCREMENT, AUTO_INCREMENT=10006;

--
-- Constraints for dumped tables
--

--
-- Constraints for table `genre`
--
ALTER TABLE `genre`
  ADD CONSTRAINT `fk_foreign_key_film` FOREIGN KEY (`idFilm`) REFERENCES `Film` (`idFilm`),
  ADD CONSTRAINT `fk_foreign_key_genre` FOREIGN KEY (`idFilm`) REFERENCES `Film` (`idFilm`);

--
-- Constraints for table `jadwal`
--
ALTER TABLE `jadwal`
  ADD CONSTRAINT `fk_foreign_key_jadwal` FOREIGN KEY (`idFilm`) REFERENCES `Film` (`idFilm`);

--
-- Constraints for table `kursi`
--
ALTER TABLE `kursi`
  ADD CONSTRAINT `fk_kursi` FOREIGN KEY (`kodeTransaksi`) REFERENCES `Transaksi` (`kodeTransaksi`);

--
-- Constraints for table `pemeran`
--
ALTER TABLE `pemeran`
  ADD CONSTRAINT `fk_foreign_key_pemeran` FOREIGN KEY (`idFilm`) REFERENCES `Film` (`idFilm`);

--
-- Constraints for table `Transaksi`
--
ALTER TABLE `Transaksi`
  ADD CONSTRAINT `fk_customer` FOREIGN KEY (`idCustomer`) REFERENCES `Customer` (`idCustomer`),
  ADD CONSTRAINT `fk_film` FOREIGN KEY (`idFilm`) REFERENCES `Film` (`idFilm`);
COMMIT;

/*!40101 SET CHARACTER_SET_CLIENT=@OLD_CHARACTER_SET_CLIENT */;
/*!40101 SET CHARACTER_SET_RESULTS=@OLD_CHARACTER_SET_RESULTS */;
/*!40101 SET COLLATION_CONNECTION=@OLD_COLLATION_CONNECTION */;
